Epoch,TrainLoss,TrainAcc,TrainF1,ValLoss,ValAcc,ValF1
1,0.7569403187201841,0.5001142857142857,0.33402483237598624,0.7489665020121276,0.5001714285714286,0.33384752108843535
2,0.7576443170108934,0.5002285714285715,0.33432897466353223,0.7488910751621218,0.5001714285714286,0.33384752108843535
